l1,l2,l3
230.79999999999993,230.67899999999992,230.40600000000006
233.09549999999973,232.68499999999983,232.11699999999982
233.423,233.22000000000028,232.55500000000006
233.8949999999997,233.67900000000006,232.7819999999996
234.70550000000026,234.957,233.67499999999978
232.49999999999997,233.49200000000005,232.66099999999972
231.36200000000022,231.61100000000036,230.4589999999997
231.91800000000032,231.03500000000008,229.55899999999994
232.7965000000002,232.57000000000025,231.97100000000023
233.0895000000002,233.02399999999977,232.16399999999993
232.96000000000018,233.09499999999983,232.19199999999967
233.2324999999998,233.04199999999986,232.06000000000014
233.18400000000028,233.37999999999985,232.38499999999996
233.03150000000002,232.75699999999978,232.0650000000001
233.0185000000003,232.90299999999976,232.35799999999978
233.91799999999978,233.0730000000002,232.28299999999982
233.8460000000003,233.91900000000024,232.50900000000013
232.07999999999976,233.23799999999974,231.95800000000028
231.44249999999982,231.49800000000022,230.35000000000022
230.96600000000012,231.3889999999999,230.02800000000008
232.27300000000025,231.1409999999999,229.84499999999983
233.45500000000033,233.23699999999974,232.13500000000033
233.22299999999987,233.58000000000018,232.40099999999973
233.18349999999998,232.86500000000015,231.341
232.55549999999985,232.77999999999986,231.4859999999997
231.81899999999985,232.24299999999974,230.99399999999972
232.52350000000033,232.11399999999992,231.28900000000024
233.82849999999985,233.45,232.23199999999963
234.37500000000026,234.52500000000026,233.21299999999974
234.49249999999975,234.55000000000027,233.44199999999978
234.45499999999996,234.5469999999999,233.53499999999977
233.79800000000003,234.01499999999982,232.62799999999982
232.774,233.24500000000018,231.84
233.07599999999977,232.9780000000003,231.46600000000026
234.37599999999978,234.1449999999999,232.76499999999984
234.68099999999973,235.00099999999966,233.91899999999976
232.7079999999998,233.60100000000003,232.4539999999997
231.3804999999998,231.50900000000001,230.8739999999998
231.39350000000002,231.18900000000002,230.68299999999982
230.77549999999997,231.36800000000028,230.30700000000007
230.59000000000006,230.93999999999988,228.65299999999976
231.36700000000002,230.9529999999997,227.66299999999973
231.4364999999998,231.62600000000023,228.5700000000001
231.40750000000023,231.33499999999978,229.98299999999975
229.17800000000022,230.77299999999966,230.4890000000001
227.87099999999973,228.23199999999997,228.33500000000026
227.5094999999999,227.4990000000003,227.38400000000027
227.73249999999985,227.9319999999999,226.77099999999996
228.53249999999983,228.784,228.4279999999997
228.3220000000003,229.2729999999997,228.82899999999972
227.0490000000001,228.0789999999997,227.581
228.92899999999992,228.29933333333315,227.45966666666635
230.55749999999972,230.87500000000009,229.88800000000032
231.14041666666645,231.2967499999999,230.14383333333328
232.0424999999996,232.16500000000008,230.28300000000021
230.91350000000028,232.2429999999999,230.43299999999982
229.83849999999984,230.153,227.74099999999999
231.85099999999966,231.08500000000012,228.5909999999998
234.1474999999998,232.5470000000003,229.7299999999998
235.26150000000027,234.8400000000003,232.37100000000027
235.94649999999993,236.065,233.95100000000014
236.30050000000014,236.12600000000012,234.27300000000022
236.9284999999999,236.9660000000002,235.4030000000004
235.78349999999972,236.44999999999973,235.12199999999996
236.3194999999999,235.67000000000024,234.08100000000016
236.62450000000024,236.82600000000025,235.96900000000008
238.85549999999995,237.28899999999985,236.88499999999985
240.21249999999986,240.1619999999996,238.4650000000003
239.47050000000027,240.4060000000002,238.82799999999963
239.14499999999987,239.33600000000015,237.9859999999999
239.78800000000007,240.0819999999996,238.7950000000002
239.45649999999983,240.1679999999997,238.8289999999997
239.28849999999966,238.80699999999982,238.0080000000003
241.49450000000004,240.8979999999998,239.56699999999984
242.8359999999998,242.23800000000026,240.72699999999995
243.17850000000035,243.0199999999999,241.22900000000013
243.63449999999972,243.43400000000022,239.95
244.15949999999972,243.60700000000006,240.31299999999973
244.60999999999996,244.71200000000002,242.7189999999997
244.29049999999992,244.6610000000002,242.99900000000017
244.29399999999998,244.43699999999976,242.97699999999978
244.08150000000023,244.08299999999977,243.06699999999984
243.05300000000025,242.9540000000002,241.91899999999984
241.28649999999968,241.94599999999977,238.7620000000001
239.99100000000013,240.28599999999966,239.2489999999999
239.0219999999998,239.31499999999994,238.1280000000002
237.8970000000002,238.06199999999967,236.28400000000002
236.37100000000027,237.07399999999973,235.69899999999996
236.25949999999997,235.75499999999982,234.44800000000006
235.80200000000005,236.26799999999977,234.40300000000028
235.28450000000015,235.53700000000003,233.52200000000005
236.0645000000003,236.1649999999997,234.2829999999998
234.99150000000023,235.10599999999985,233.00600000000023
235.92349999999976,235.675,233.05999999999983
235.36250000000015,235.9649999999999,234.30300000000017
232.52149999999972,233.94300000000024,232.31499999999986
230.78200000000015,231.57300000000023,229.93800000000027
230.66199999999998,230.99899999999982,228.9660000000002
231.04749999999981,231.07000000000022,229.18000000000012
230.94499999999994,231.26499999999984,228.27700000000007
228.62799999999984,229.8520000000002,227.8919999999997
227.34399999999997,227.9800000000002,226.789
226.86450000000005,227.12999999999974,226.9639999999997
227.26649999999998,227.0279999999999,226.5429999999999
226.90499999999972,227.7699999999998,226.59200000000016
225.64249999999984,226.4009999999997,224.79799999999966
226.37349999999967,226.1300000000001,223.88300000000024
227.11749999999995,226.8069999999998,224.06500000000023
228.24199999999982,228.14200000000017,223.96299999999985
228.6520000000003,228.52300000000037,222.88199999999998
228.4654999999999,228.8539999999998,225.08999999999978
227.10599999999985,227.75400000000016,225.8599999999999
225.86049999999986,226.3860000000002,225.04700000000014
225.78950000000023,226.03000000000011,225.14800000000037
225.74049999999997,226.1020000000003,225.69100000000037
225.09300000000027,225.8940000000001,225.59900000000025
225.84049999999985,225.9399999999997,225.70000000000022
226.59750000000025,226.5690000000003,225.64499999999975
227.73050000000003,228.1329999999999,226.93399999999968
228.3704999999999,228.73600000000013,227.52400000000017
228.52100000000024,229.30199999999977,227.41200000000012
228.22599999999977,228.6909999999999,227.47100000000006
228.59049999999988,228.70599999999985,228.01600000000036
229.48650000000006,229.3824999999998,229.0720000000001
229.8840000000003,230.18099999999984,229.19100000000006
229.77199999999985,229.8700000000003,228.45999999999967
229.50000000000023,230.23500000000004,229.487
228.0174999999996,229.23299999999983,228.50000000000014
227.81399999999968,228.02000000000018,227.3570000000003
228.04800000000014,228.30499999999992,227.5040000000002
228.77200000000033,228.56699999999987,228.22200000000012
229.4105000000002,229.17800000000014,229.4309999999998
230.4115000000002,230.38399999999984,230.2390000000002
230.84900000000016,231.06300000000002,230.44099999999983
230.65249999999963,230.52599999999998,229.68399999999968
231.68999999999963,231.45600000000005,230.27999999999997
231.56999999999988,231.95000000000022,231.45699999999994
229.44150000000027,230.75900000000019,230.42500000000007
227.23699999999994,228.38499999999988,228.2770000000003
227.75900000000004,227.30899999999997,229.1840000000002
228.03000000000023,227.0739999999999,229.472
230.40299999999976,228.43000000000018,230.13400000000027
231.0095,230.80800000000016,230.021
231.9914999999998,231.192,230.52200000000002
232.6729999999997,232.62900000000005,231.90499999999966
233.0495000000002,232.73599999999976,232.22799999999972
233.25549999999998,233.24800000000025,232.31399999999965
233.00099999999992,233.04999999999976,232.19200000000018
231.98599999999985,232.2380000000001,231.43299999999977
231.5195000000001,231.63799999999995,231.15300000000033
231.69800000000004,231.49099999999999,230.39400000000012
232.1334999999998,232.07800000000026,230.39300000000017
232.25200000000007,231.99899999999988,230.99799999999993
233.13200000000026,232.84300000000002,231.9169999999998
233.16200000000012,233.3539999999999,232.12700000000018
232.37649999999994,232.6000000000002,231.42599999999982
232.2564999999998,231.86399999999992,230.92099999999965
232.15749999999977,232.11100000000013,231.61100000000002
232.53000000000026,232.23000000000025,231.5569999999998
232.96849999999986,232.77499999999998,231.5390000000002
232.94849999999988,233.24600000000018,232.0829999999999
232.6969999999999,232.2709999999999,231.27599999999993
233.3244999999999,232.88400000000016,231.70400000000024
233.68250000000037,233.91900000000012,232.65499999999972
234.56799999999978,234.3650000000002,232.889
233.02550000000022,234.22400000000033,232.86099999999976
232.48350000000013,232.3120000000003,231.05799999999996
232.98399999999987,233.11299999999974,231.1729999999999
232.37900000000013,232.62300000000013,231.27500000000032
232.48799999999974,232.3679999999999,231.28400000000008
231.07849999999996,231.7060000000003,230.82899999999998
230.23050000000003,230.41000000000025,229.65499999999983
230.2969999999998,230.18600000000018,228.91100000000017
231.1195000000002,230.79600000000025,229.49899999999988
231.40800000000002,231.9390000000002,230.6840000000002
231.05450000000022,231.31299999999976,230.08000000000027
231.68950000000027,231.351,229.92699999999977
233.02199999999976,232.64099999999974,230.9339999999997
233.21850000000006,233.0660000000003,231.9580000000002
233.7809999999998,233.495,232.50600000000017
233.271,233.60699999999986,232.7610000000003
232.0540000000002,232.37200000000016,231.58899999999994
232.0869999999997,232.3550000000002,230.94300000000018
231.75599999999974,231.6819999999999,230.16700000000012
231.52500000000015,231.81199999999976,228.6659999999999
230.9744999999999,231.07000000000025,227.97700000000023
230.72600000000008,231.05200000000022,228.1810000000002
230.6440000000002,230.2369999999999,228.74899999999982
229.83949999999987,230.21999999999983,230.26299999999983
229.69949999999983,229.74400000000006,228.96500000000015
229.16549999999995,229.39300000000003,227.55399999999983
230.53450000000032,229.18699999999987,228.99500000000012
231.72450000000015,231.46900000000014,230.85399999999998
230.4210000000002,231.19899999999998,230.023
228.05149999999986,229.40800000000024,228.465
227.35049999999978,228.17200000000014,227.63300000000018
226.68199999999968,227.3349999999998,226.54099999999974
226.10999999999996,226.6400000000001,225.36299999999986
227.1020000000002,226.70100000000025,226.44799999999995
230.60649999999976,229.54000000000005,228.37299999999996
230.51200000000034,231.45399999999998,229.78099999999995
230.10100000000028,230.08299999999977,227.81300000000027
230.8814999999999,230.63399999999984,228.12599999999986
231.38500000000022,231.1739999999998,226.99499999999978
232.47799999999995,232.26100000000014,229.12199999999982
232.29350000000028,232.96849999999972,231.3020000000001
231.65149999999966,232.03100000000018,230.11000000000018
231.66050000000007,231.91600000000017,230.5859999999999
231.7410000000001,231.77900000000022,230.21100000000024
231.18299999999985,231.06099999999978,229.68899999999996
230.40399999999968,230.35300000000032,229.1390000000003
231.82250000000013,231.1090000000002,230.12600000000023
232.8650000000004,232.31300000000024,231.4779999999997
233.61150000000035,233.33699999999982,232.61000000000033
232.6674999999998,232.89800000000005,231.74800000000013
231.96600000000018,232.05250000000018,230.74899999999982
231.637,231.69999999999996,230.2440000000002
231.5100000000001,231.42900000000006,230.2659999999998
231.0465000000001,231.3500000000002,229.68700000000038
230.86700000000016,230.91600000000003,229.02799999999985
231.66250000000028,231.06100000000026,229.75100000000003
234.13100000000006,233.03000000000023,231.15500000000017
235.90499999999983,235.59899999999968,233.1180000000001
236.44000000000003,236.43299999999988,234.0979999999998
236.02150000000023,236.1640000000002,234.74599999999975
236.16299999999993,235.7050000000001,234.14700000000016
235.69049999999996,235.93000000000012,234.31600000000017
234.38900000000015,234.51899999999972,232.63200000000026
232.30999999999986,232.421,228.31
231.8684999999998,231.77700000000013,227.92100000000025
233.26250000000005,232.64299999999966,227.9649999999999
235.87649999999988,234.45799999999977,232.15700000000018
237.89300000000003,237.58099999999973,236.24599999999987
237.25250000000017,237.505,236.35700000000037
238.80750000000012,238.31599999999978,237.55799999999982
238.26150000000035,238.05199999999977,236.82600000000005
237.22450000000003,237.34299999999985,236.2660000000002
235.59000000000003,235.93899999999988,234.78000000000023
234.2945,234.7299999999999,233.00699999999995
232.4320000000002,233.084,231.523
231.3665000000002,231.62499999999977,229.60499999999993
231.83999999999972,231.7599999999998,229.14700000000022
231.35800000000035,231.9910000000002,229.36899999999972
230.00049999999973,230.57800000000003,227.92500000000007
229.60899999999984,229.82799999999978,228.3350000000003
229.68050000000005,230.13600000000008,228.37299999999982
227.99550000000013,229.03700000000023,228.35699999999994
228.32300000000006,227.28300000000024,226.61899999999972
227.5485000000003,228.23300000000017,226.66200000000003
226.12699999999984,226.20799999999974,225.64699999999976
226.4859999999998,225.22799999999978,225.78900000000027
226.31399999999965,226.09599999999983,226.0419999999998
226.61550000000017,226.5989999999998,226.19499999999996
225.70750000000015,226.0319999999999,224.4510000000002
225.47249999999974,225.24099999999973,222.53000000000023
226.33749999999966,225.4779999999997,223.99399999999972
226.86449999999996,226.28299999999993,225.53800000000004
227.91600000000003,227.74199999999982,228.3340000000001
228.1394999999998,227.49599999999975,227.6719999999998
229.3204999999998,228.9479999999999,228.8480000000002
230.01999999999978,229.65799999999967,229.56400000000016
228.84949999999992,229.6500000000002,228.59799999999993
228.03250000000014,228.30000000000004,226.52100000000016
229.17049999999978,229.28300000000013,227.086
229.53249999999977,229.8290000000002,227.98899999999995
229.52000000000015,229.86199999999968,228.82100000000025
228.67699999999982,229.38799999999975,228.72400000000027
228.18699999999998,227.93499999999977,227.9219999999997
229.10500000000008,228.60299999999998,228.47200000000032
230.35850000000013,230.15199999999976,229.15099999999975
230.2375,229.9230000000002,228.92799999999986
229.1140000000001,229.78899999999967,229.19699999999975
229.41450000000023,228.9993333333331,228.77166666666668
229.9079999999998,229.88899999999975,229.44999999999985
229.7164999999998,229.61999999999966,229.46599999999984
229.90049999999965,229.86199999999974,229.71599999999998
228.8625000000002,229.3980000000001,229.29500000000024
228.39650000000032,228.12599999999972,227.933
229.4375,229.00400000000013,229.03999999999988
229.09299999999988,229.24100000000013,229.40000000000006
229.6619999999997,229.424,229.1610000000002
229.12650000000016,229.222,228.40700000000018
229.42099999999974,229.3249999999998,228.44199999999975
227.97500000000014,228.615,228.0449999999998
227.43649999999997,227.44400000000024,227.92700000000036
227.394,226.93599999999984,228.52400000000026
228.76100000000002,227.17799999999966,227.5919999999998
230.9835000000004,230.03400000000028,227.9400000000001
231.42549999999966,230.96699999999967,227.50699999999972
231.62400000000014,231.741,228.5429999999997
229.9024999999999,230.37199999999987,228.06200000000015
230.64900000000011,229.46500000000015,228.101
231.06349999999986,231.26399999999995,230.20200000000008
231.4336666666665,231.1460000000001,229.57733333333314
232.28100000000018,232.1749999999997,229.61499999999987
232.8495,232.525,229.50499999999974
233.38200000000015,233.23300000000026,230.3009999999999
233.39050000000026,233.17400000000026,231.16300000000018
233.31900000000002,233.36499999999978,232.24100000000013
231.66049999999981,232.47099999999966,231.53700000000018
231.74299999999977,231.26800000000017,230.28000000000003
232.1164999999998,232.24799999999982,231.19500000000033
232.0499999999997,232.45299999999986,231.644
232.71150000000034,232.04899999999984,231.27300000000014
234.09899999999973,233.79399999999984,232.81199999999976
234.2999999999997,234.51900000000026,233.38099999999991
234.27799999999985,234.29899999999998,233.24600000000007
234.82099999999977,235.35700000000026,234.11799999999985
232.28050000000036,233.64900000000026,232.67899999999986
231.95900000000023,231.75999999999982,230.69600000000025
232.6669999999999,232.63499999999985,231.67300000000014
233.19650000000016,232.77999999999983,231.75599999999974
233.61999999999992,233.27899999999983,232.59699999999998
233.62099999999973,234.0309999999998,232.68499999999972
232.3024999999998,232.8719999999999,231.00999999999985
231.90650000000016,231.9920000000001,230.60000000000025
232.2604999999997,232.40200000000019,231.00099999999986
232.56850000000003,232.738,231.50499999999994
232.56399999999977,232.75499999999968,231.65899999999968
232.48699999999997,232.66299999999973,231.3410000000001
232.75600000000028,233.3819999999999,231.9130000000003
231.48200000000026,231.9910000000001,230.81200000000027
230.7105000000001,230.87199999999976,230.101
231.46750000000014,231.30399999999995,230.53399999999988
231.10649999999984,231.29200000000014,230.32499999999968
229.9215000000003,230.07699999999988,229.60699999999983
229.92099999999974,230.4489999999997,229.87499999999977
230.12599999999986,230.24799999999973,229.72400000000005
230.498,230.57999999999993,229.4770000000002
229.28399999999993,229.72899999999987,227.08899999999983
229.29200000000003,229.07099999999977,226.0199999999997
229.0525000000003,229.25399999999973,227.20500000000027
228.01750000000018,228.79899999999995,228.65900000000033
228.2810000000003,227.43799999999976,227.636
229.81549999999967,229.16100000000014,228.78200000000012
228.84799999999996,229.43899999999994,229.30299999999997
229.37049999999974,228.80000000000018,228.7140000000002
228.98450000000005,229.6649999999996,229.50799999999967
228.18950000000004,228.68099999999967,228.61099999999973
227.75049999999996,228.35600000000005,227.8880000000001
227.69150000000008,227.91300000000012,227.54099999999977
227.864,227.83599999999984,227.35899999999984
229.34650000000013,228.43399999999997,227.62999999999982
231.48550000000006,231.11399999999998,229.85300000000018
231.55699999999968,231.4760000000002,229.82999999999976
229.35349999999994,230.66299999999984,229.3580000000003
230.80100000000022,229.327,228.04600000000016
232.49799999999988,232.22499999999997,230.41100000000014
233.4910000000001,233.14899999999994,231.22199999999987
233.8995000000002,233.847,230.2809999999997
236.03650000000027,234.39500000000027,231.6090000000003
235.3854999999997,236.33299999999997,234.57599999999994
233.19649999999973,233.87000000000012,232.73099999999977
232.56249999999974,232.15299999999982,231.01899999999972
234.01000000000005,233.17900000000031,231.3019999999999
233.16899999999973,233.68999999999974,232.17399999999972
231.67049999999975,232.22099999999983,230.02500000000006
232.54549999999966,232.00499999999997,228.63899999999978
233.50050000000022,232.8329999999998,229.51099999999974
234.35350000000003,233.38100000000028,231.23199999999972
234.1055000000002,234.4609999999998,232.61
235.22600000000014,234.28400000000028,232.61600000000027
235.59949999999975,235.73299999999975,234.07800000000015
235.71100000000035,234.92199999999968,233.83999999999972
239.24900000000005,237.81100000000026,236.72600000000008
242.7700000000001,241.61300000000026,239.81000000000017
244.59050000000016,244.01099999999977,242.84200000000004
242.22349999999977,242.90899999999988,241.30800000000025
237.19999999999982,239.164,237.81500000000037
232.05450000000027,233.2640000000002,231.1619999999999
230.7854999999998,230.57800000000006,228.5800000000001
232.5114999999999,231.4190000000002,230.50200000000024
232.99550000000013,232.7430000000001,231.6330000000003
231.49300000000005,231.61399999999992,231.33099999999988
230.90200000000016,229.58099999999976,231.61600000000027
229.2594999999997,228.92800000000028,230.65599999999978
228.77499999999972,227.43499999999983,228.7580000000002
228.99100000000024,227.80099999999982,228.91499999999974
231.04000000000022,228.99399999999994,230.04199999999972
231.46949999999998,230.7840000000002,230.3949999999999
229.88399999999967,229.94200000000015,229.05200000000016
229.47849999999988,229.23100000000025,228.34300000000007
229.84249999999997,229.23399999999975,228.16299999999998
230.52199999999976,230.24699999999982,228.62700000000027
229.8694999999998,230.03200000000018,228.20100000000025
229.22349999999983,229.43999999999997,227.4680000000002
228.57700000000006,228.8040000000001,227.49099999999999
228.56800000000007,228.64600000000016,227.60600000000005
228.33500000000012,228.1660000000002,227.83500000000012
229.83200000000016,228.78049999999993,228.04400000000004
230.14650000000006,229.87599999999978,229.394
228.67549999999974,229.176,228.3739999999997
227.2324999999997,227.24099999999999,225.58000000000018
226.69349999999977,226.43100000000013,224.21300000000022
225.5760000000002,225.54600000000002,224.03499999999994
224.59250000000023,224.42900000000017,224.4799999999999
224.94300000000018,223.9809999999999,225.15200000000013
225.41899999999976,224.72700000000023,225.2619999999999
225.4435000000003,225.01700000000022,225.30600000000035
225.9039999999997,226.0789999999998,225.8270000000003
225.96500000000023,225.8969999999998,225.77600000000012
225.9415000000002,225.98900000000012,225.39300000000011
225.78500000000022,225.7710000000003,224.47700000000026
226.72200000000024,226.03599999999972,225.72900000000018
227.3895000000002,227.34900000000005,226.67999999999995
227.64949999999982,227.64499999999995,227.00200000000018
227.1610000000002,228.06199999999998,227.762
226.65299999999985,226.71000000000032,229.13200000000012
226.94949999999997,226.1769999999999,230.00399999999988
226.3755,225.81500000000003,228.66300000000024
226.1415000000002,225.13399999999976,228.7629999999999
226.36000000000033,225.45099999999965,230.45099999999994
229.72399999999993,225.37700000000004,230.4140000000001
230.08099999999976,229.93599999999995,230.5219999999999
228.99500000000026,228.93700000000018,228.8120000000003
228.78399999999982,229.19499999999982,228.93000000000012
228.99450000000007,229.14699999999976,228.84199999999967
228.9859999999997,229.01399999999984,229.80599999999973
229.21699999999979,228.78599999999983,230.24099999999981
229.41850000000028,229.07400000000024,230.36999999999998
227.20099999999985,227.9840000000002,229.96000000000004
226.7685000000001,225.99599999999998,229.15200000000027
228.07649999999995,226.1570000000003,228.55999999999966
229.68700000000018,228.73099999999994,229.30699999999976
230.40749999999986,230.2710000000003,229.72000000000014
229.35100000000006,230.04599999999985,229.97799999999984
228.27000000000032,227.89199999999965,230.3379999999999
228.50299999999967,227.3239999999997,229.8799999999997
230.44699999999983,228.543,230.93500000000014
231.25949999999997,229.91299999999973,232.00499999999982
232.89300000000014,231.07999999999984,232.28899999999993
231.3185000000002,232.26600000000005,231.28999999999996
230.76550000000006,230.81899999999976,229.95400000000015
230.4795000000002,230.78100000000018,229.9970000000002
230.90650000000028,230.13899999999973,229.865
231.98650000000023,231.50299999999973,230.67999999999978
232.77099999999984,232.6429999999998,231.60700000000026
232.47499999999982,232.59300000000013,231.66100000000023
232.21050000000017,232.41499999999982,231.3459999999999
231.46500000000023,231.62100000000018,230.20500000000007
231.26599999999976,231.1330000000002,228.91300000000012
231.7420000000001,231.69099999999983,230.5380000000002
231.62499999999974,231.59600000000012,230.52100000000027
231.88250000000005,231.78599999999983,230.72799999999995
232.42000000000021,232.07499999999985,231.08300000000025
232.6630000000002,232.51899999999983,231.73199999999983
231.78049999999985,232.5979999999998,231.45300000000026
230.45949999999996,229.97299999999984,230.0010000000003
230.92550000000003,230.77400000000026,229.99300000000014
231.18000000000015,231.29199999999972,230.31600000000003
231.95500000000015,231.27999999999972,230.4789999999998
232.46500000000012,232.3490000000002,231.29099999999977
232.37300000000022,232.342,231.2740000000002
232.01050000000018,232.0960000000002,230.87500000000014
232.36899999999991,232.21250000000006,230.78100000000035
231.90699999999987,232.25300000000027,230.16799999999995
232.26649999999987,232.00000000000023,230.57000000000033
232.6250000000001,232.6200000000003,231.56799999999987
231.3114999999997,231.94500000000028,230.77100000000002
231.2225000000002,230.91499999999968,229.84099999999998
232.19350000000003,231.95,230.43799999999996
232.56099999999978,232.54099999999988,230.74500000000023
232.5554999999997,232.9649999999999,231.36300000000014
231.83749999999975,232.00800000000007,230.57300000000004
231.23549999999975,231.65200000000002,230.09900000000002
231.21899999999968,231.29499999999982,229.74000000000007
231.74100000000038,231.651,230.19499999999988
231.93349999999987,231.80299999999997,230.10100000000006
230.801,231.30500000000032,230.13099999999974
229.16449999999995,229.856,228.80500000000015
228.3525000000002,228.51100000000014,227.28600000000006
230.2104999999999,229.5319999999998,228.72000000000014
231.69999999999985,231.3279999999997,229.7469999999999
231.64950000000022,232.1459999999997,228.812
231.6209999999998,231.59100000000024,228.6890000000002
230.77249999999978,231.06999999999982,229.53200000000018
230.14850000000015,230.65700000000027,230.07900000000026
229.85949999999968,230.13300000000004,229.2239999999998
228.98700000000025,229.29500000000021,228.51799999999966
229.62699999999967,228.90199999999987,228.53200000000012
228.67449999999985,229.50900000000013,228.66199999999986
228.45800000000017,228.20499999999996,227.45500000000004
229.44800000000015,228.99599999999975,228.0780000000003
229.61749999999992,229.33599999999973,228.18699999999998
229.10949999999985,229.7689999999999,227.71299999999985
229.41300000000012,229.29800000000006,228.46900000000008
229.29299999999964,229.8559999999998,228.84299999999982
228.6490000000001,229.43999999999994,228.14599999999996
228.60400000000004,228.6299999999997,227.84700000000004
229.27649999999966,229.03699999999964,228.3929999999997
229.5169999999998,229.32133333333346,228.90866666666673
230.3974999999998,230.47158333333334,229.8361666666666
230.48749999999964,230.58600000000015,229.59
230.47250000000028,230.50100000000006,229.2020000000003
231.5395000000002,230.65999999999963,229.49099999999973
231.3525000000003,231.49500000000018,228.07099999999974
231.61550000000037,230.99899999999965,229.0820000000002
234.36250000000004,233.73400000000012,231.36800000000002
235.55200000000002,235.63500000000005,233.27900000000022
235.32749999999976,235.50299999999993,233.49100000000016
234.08550000000005,234.40700000000012,233.0080000000001
233.92150000000026,234.1209999999997,232.70899999999986
232.46550000000016,233.09700000000004,231.10399999999964
231.27800000000033,231.21899999999988,228.773
231.73649999999998,231.03399999999974,227.079
231.9258333333336,231.65379999999993,229.02086666666662
231.68949999999984,231.69500000000005,229.84199999999998
231.91899999999984,231.67899999999997,230.02199999999985
232.57950000000008,232.4339999999997,230.81699999999964
232.79350000000005,232.6820000000002,230.85399999999993
232.50300000000007,232.72499999999974,231.13399999999993
232.60849999999974,232.4010000000001,230.98500000000016
232.49600000000018,232.60600000000028,231.48100000000002
232.85000000000025,232.22199999999984,230.9130000000002
232.15000000000032,232.08099999999988,230.0680000000001
232.09899999999982,231.85400000000013,230.3269999999998
231.87699999999973,231.80100000000022,230.5870000000003
231.03550000000018,231.51100000000014,230.17700000000008
230.40899999999993,230.35300000000004,229.03599999999983
230.04799999999975,229.8819999999997,228.4870000000003
229.4835,229.4619999999998,227.6550000000003
230.72199999999987,229.6690000000001,226.88100000000017
231.5694999999999,231.21399999999983,229.84299999999993
233.1560000000003,231.91299999999973,230.92200000000022
232.59200000000013,233.2879999999997,231.8739999999997
231.70000000000005,231.71499999999992,230.67700000000025
231.44000000000017,231.10900000000024,229.88400000000019
231.06300000000013,231.44691666666668,230.37883333333346
230.1624999999998,230.23900000000012,228.81300000000013
229.94199999999972,229.68699999999964,227.5870000000002
229.7129999999999,229.74099999999996,228.56899999999985
229.31100000000035,229.60800000000003,228.55
228.81299999999996,228.73899999999975,228.53700000000018
228.09149999999977,228.08100000000002,227.80600000000013
227.12800000000004,227.3279999999998,227.1909999999998
227.00950000000023,227.18600000000018,226.99399999999983
227.0444999999997,227.30599999999998,225.85399999999998
225.7245,226.5309999999996,224.8790000000004
227.19600000000008,226.18400000000008,223.33900000000003
227.5784999999998,227.29800000000012,224.54999999999984
227.63199999999975,227.62599999999972,225.69199999999967
227.60149999999985,227.71200000000005,227.42699999999968
227.72949999999975,227.558,227.17600000000027
226.78550000000038,227.496,226.76699999999985
226.1225,226.33299999999977,225.60999999999981
226.49650000000008,226.25100000000012,225.84799999999987
227.71449999999965,227.10599999999974,226.4350000000003
228.70300000000003,228.1589999999998,227.80300000000037
228.5454999999999,229.0219999999998,228.74500000000003
227.78350000000017,228.25800000000024,227.9839999999998
228.00649999999965,227.78999999999994,226.8260000000003
228.5885,228.56899999999985,227.87199999999982
228.81500000000017,228.79699999999985,228.2440000000001
229.35100000000034,229.13300000000018,228.80699999999965
229.74399999999983,229.38099999999994,229.40199999999993
228.15949999999972,229.35899999999987,229.65500000000029
226.44649999999965,226.26899999999986,225.52300000000017
226.95200000000006,226.537,225.9219999999997
227.1479999999998,226.7969999999998,226.84700000000015
227.18750000000023,226.96200000000007,226.81300000000013
227.3360000000002,227.18700000000024,226.09899999999993
227.77150000000023,227.2470000000002,226.89600000000002
229.1230000000001,228.7329999999999,228.0519999999998
230.34549999999973,230.39999999999975,229.41399999999985
230.9585000000002,230.58699999999976,229.7600000000002
230.20399999999987,230.68499999999992,229.83799999999997
229.99000000000018,229.8969999999997,229.3280000000003
229.83599999999987,230.08499999999995,229.9239999999998
229.34750000000014,229.72499999999997,229.65300000000002
228.10549999999995,228.8709999999997,229.4229999999998
227.42649999999972,227.4359999999998,229.80300000000028
227.38199999999983,226.27800000000013,228.56799999999978
228.4779999999999,227.09799999999996,229.75500000000008
228.6445000000003,227.62000000000026,229.8600000000003
228.19249999999982,227.39599999999984,229.52100000000007
228.22749999999982,227.4890000000002,229.51900000000006
229.10949999999974,227.1369999999999,228.909
230.97800000000007,229.53900000000004,229.0490000000001
231.0309999999998,231.34900000000007,229.36599999999973
230.21949999999998,230.21499999999978,228.65699999999973
230.68499999999983,230.49500000000023,229.24700000000027
231.32000000000014,231.30599999999967,230.42699999999982
231.9374999999999,231.5470000000001,230.3970000000001
232.5355000000003,232.31299999999976,231.10900000000026
232.9520000000003,232.82100000000017,231.73500000000024
232.98850000000002,233.06000000000003,231.69799999999984
232.72899999999993,232.73300000000006,230.97199999999992
233.35650000000035,232.89300000000014,231.39200000000017
234.09299999999973,233.65200000000013,232.0610000000002
233.5729999999997,233.87999999999982,232.46099999999967
232.1840000000002,232.56099999999992,231.24900000000034
231.96300000000028,231.82600000000016,230.23999999999967
232.0289999999999,232.13199999999978,230.55400000000031
232.3679999999999,232.25200000000024,230.73299999999978
232.3244999999999,232.37199999999987,230.8669999999999
232.54749999999967,232.47250000000008,231.14700000000033
231.9264999999998,232.4590000000002,229.85299999999984
231.52499999999998,231.52799999999985,229.9480000000004
231.91650000000024,232.04199999999975,230.92799999999997
231.81699999999987,231.7049999999998,230.70600000000027
231.7592500000004,231.79375000000024,230.43949999999987
232.1799999999999,232.093,230.40800000000021
233.3065000000003,232.98899999999983,231.47399999999993
233.91400000000004,233.83100000000013,232.39800000000005
234.30700000000033,234.22300000000024,232.78999999999996
234.32649999999975,234.51400000000024,233.01299999999966
233.46800000000033,233.86800000000005,232.4200000000002
232.91000000000025,233.285,231.74299999999982
232.42249999999976,232.708,231.25999999999982
231.8044999999999,232.2649999999999,230.91499999999996
231.19999999999982,231.79,230.35400000000004
231.17000000000021,231.19000000000017,229.97300000000024
231.68700000000004,231.2440000000002,229.98999999999987
232.0984999999999,232.3760000000003,231.01600000000025
231.7000000000003,232.13599999999974,230.84400000000028
230.35899999999998,230.8190000000003,229.35500000000025
231.1384999999998,230.8460000000002,229.12599999999998
231.87299999999973,231.34399999999997,228.16199999999992
230.8025000000003,231.64200000000017,229.02099999999976
229.94299999999964,229.83699999999993,228.4129999999999
229.06650000000025,229.81100000000006,229.44099999999978
229.52849999999984,229.1210000000002,228.60299999999992
229.16000000000008,229.15500000000017,228.1589999999998
229.63649999999978,229.30500000000018,228.997
228.3944999999997,229.48199999999972,229.05300000000017
227.96749999999977,228.1380000000003,227.3739999999998
227.0194999999999,227.5399999999998,226.3300000000003
226.0485000000001,226.47100000000003,225.62199999999987
226.64600000000007,226.25299999999982,224.87700000000018
228.09399999999968,227.7660000000003,224.9640000000003
228.56800000000024,228.67500000000015,226.9099999999997
228.4824999999996,228.6209999999997,227.18000000000015
228.37549999999976,228.6190000000003,226.98199999999997
229.54250000000022,229.06000000000017,227.39900000000026
230.549,230.58000000000007,228.57499999999982
230.6564999999997,230.61999999999975,228.88000000000014
229.07499999999996,229.593,227.46299999999988
228.48200000000006,228.67600000000016,227.01800000000028
230.86549999999977,229.74899999999982,228.083
232.43249999999964,232.02399999999977,230.6390000000003
231.5899999999999,232.13399999999987,230.44799999999984
231.26499999999967,231.31500000000025,229.0619999999998
231.76966666666692,231.6653000000001,228.84253333333334
232.1580000000001,231.9799999999999,229.94500000000005
232.30600000000024,232.18799999999976,230.62699999999973
234.23099999999985,233.54100000000025,231.74699999999993
234.61449999999977,234.73200000000023,233.1829999999997
234.07750000000007,234.26800000000028,233.08
233.43750000000017,233.38400000000024,232.83500000000018
232.97450000000023,232.77700000000007,231.69399999999968
232.77849999999978,232.58099999999965,231.468
232.02149999999983,232.3279999999998,231.45500000000027
230.9154999999997,231.05100000000036,229.643
231.38200000000018,230.59099999999992,229.05500000000004
232.44150000000025,232.2650000000003,230.60100000000003
232.66249999999994,232.6139999999997,230.86699999999982
231.83050000000017,232.4289999999997,230.29100000000008
232.41049999999996,231.49500000000003,228.9809999999998
232.70599999999976,232.67950000000022,230.81600000000034
231.71849999999992,232.04900000000012,228.99099999999976
231.0225000000003,231.3520000000002,227.57899999999975
230.42400000000015,230.23599999999976,227.29799999999975
230.69550000000007,230.37699999999984,229.075
230.77749999999972,231.0830000000002,229.4900000000003
230.97000000000028,231.03500000000028,228.80399999999997
230.5470000000002,230.73500000000007,227.79300000000023
230.26200000000009,230.13199999999978,228.29399999999978
231.04400000000004,230.73000000000005,229.31800000000018
231.56550000000007,231.48600000000002,230.2339999999998
231.09850000000017,231.42099999999994,230.6010000000002
229.98700000000022,230.72299999999996,229.69899999999978
230.24350000000027,229.68999999999997,228.497
230.85499999999973,230.74300000000002,229.34000000000026
231.07549999999992,230.92799999999986,229.57000000000008
231.4664999999997,231.11699999999976,229.71800000000013
231.5435,231.5979999999997,229.33200000000022
227.62750000000008,229.04699999999983,228.0450000000001
226.32150000000001,225.93600000000012,226.57399999999987
226.42700000000008,226.2070000000002,227.01999999999992
225.08,225.71500000000017,226.53099999999972
225.85300000000004,224.74199999999982,225.69200000000012
226.46300000000002,226.621,226.95300000000015
226.29499999999967,226.2489999999998,225.39800000000014
225.93199999999976,226.487,223.71099999999973
226.44249999999997,226.39200000000008,223.05499999999972
226.41149999999968,226.35500000000008,223.93399999999977
226.57699999999983,226.13400000000013,225.23800000000037
225.59600000000006,225.97400000000016,225.61599999999973
225.83700000000033,225.8830000000003,225.29899999999975
226.04550000000026,226.1289999999999,225.27500000000032
227.16099999999966,226.95599999999976,226.8230000000002
227.63100000000023,227.9539999999999,227.5589999999999
226.6764999999998,227.1960000000002,226.89400000000006
226.79249999999996,226.71300000000008,226.22599999999989
227.39800000000028,227.42899999999992,226.07299999999995
228.17299999999975,227.93500000000026,226.71100000000027
227.5540000000001,228.7460000000002,227.25299999999982
226.7909999999998,227.02399999999983,227.74700000000033
227.8960000000003,226.86699999999968,229.5660000000002
228.53399999999982,227.96600000000026,228.98299999999966
228.27549999999985,228.48700000000025,227.5229999999998
229.01499999999965,228.73699999999994,228.5630000000002
229.50849999999983,229.44599999999969,229.19399999999993
229.7940000000002,229.7239999999998,229.70899999999983
229.5174999999999,229.93899999999977,230.03099999999978
229.60950000000022,229.60433333333324,229.35566666666693
230.05300000000014,229.57199999999975,228.7439999999997
228.64849999999987,229.7279999999999,229.75199999999978
228.16049999999987,227.87300000000025,227.84200000000007
229.1780000000004,228.98699999999985,228.73399999999964
229.99800000000022,229.37099999999973,229.59299999999982
230.0364999999999,229.91499999999982,230.45299999999986
228.58050000000017,228.95100000000025,229.6379999999999
228.54549999999983,227.7289999999998,228.32500000000016
230.17150000000026,229.3870000000001,229.15499999999975
230.24549999999977,231.09100000000012,231.47899999999964
229.67500000000015,229.04000000000013,231.382
230.0425000000003,228.923,229.91799999999984
229.82449999999972,229.8430000000001,228.65800000000021
230.29749999999996,229.87399999999997,229.6469999999999
231.4039999999998,231.14300000000028,230.3879999999998
231.43499999999966,231.55799999999988,230.97000000000028
230.7005,230.8640000000002,229.95299999999975
230.21199999999988,229.52499999999966,229.28799999999967
231.74700000000033,230.79900000000032,230.22800000000018
232.6889999999999,232.34299999999968,231.62299999999976
232.41200000000023,232.62599999999986,231.85
232.93449999999973,232.52600000000038,231.69300000000024
233.24249999999964,233.14300000000026,232.37599999999995
232.6944999999999,233.2600000000001,232.25499999999985
232.90949999999975,232.38000000000008,230.81199999999976
232.94299999999973,233.04499999999965,231.1420000000002
232.87999999999997,232.6439999999998,232.03199999999998
233.9425,233.45100000000016,232.62199999999967
231.5799999999997,233.2869999999996,232.75900000000019
230.5175000000001,230.32399999999964,229.6560000000001
231.02350000000013,230.68800000000007,229.79200000000023
231.34950000000023,231.18899999999996,230.5830000000001
231.24449999999976,231.1450000000002,230.70400000000015
231.57150000000001,231.08700000000005,230.5169999999997
232.21199999999988,232.15600000000012,231.22199999999987
231.45600000000005,231.94300000000013,231.0460000000001
230.9835,230.96200000000002,230.36500000000004
230.64749999999978,230.63400000000004,230.07099999999983
230.4479999999997,230.151,229.73799999999977
230.77699999999967,230.53999999999974,230.00600000000006
230.7370000000002,230.41700000000023,230.2100000000002
231.12599999999995,230.757,230.47800000000024
231.7975000000002,231.3629999999999,230.84299999999982
232.1130000000004,231.7730000000003,230.7149999999999
232.0425,231.92100000000036,230.45799999999963
231.4759999999997,231.67600000000027,230.82499999999996
231.07150000000004,231.15199999999987,230.26900000000006
231.96899999999994,231.36199999999982,230.49700000000038
232.11100000000022,231.9229999999998,231.23100000000014
231.9255000000002,231.60800000000017,231.14900000000017
230.83899999999983,230.95799999999997,230.37400000000017
230.15699999999993,230.35800000000017,229.98200000000026
230.41799999999995,230.10100000000028,229.44699999999983
231.21100000000007,231.08799999999982,229.44499999999974
231.87549999999973,231.83000000000007,229.35399999999976
231.26299999999995,231.4970000000003,228.96000000000004
229.95249999999993,230.04199999999994,228.2230000000001
229.53649999999976,229.37599999999998,229.04599999999985
229.25949999999978,229.5280000000001,229.71899999999982
229.46449999999996,229.13299999999995,229.7299999999999
229.62199999999973,229.5289999999999,229.5229999999998
229.73,229.54099999999988,228.56400000000028
228.24349999999967,229.45900000000026,229.30100000000013
225.9660000000001,226.68299999999982,225.9499999999997
227.4255000000001,226.37099999999992,225.99900000000017
229.76000000000008,229.38100000000017,228.50699999999978
229.6209999999996,230.2159999999998,229.82599999999968
229.21500000000023,229.3399999999996,228.78699999999975
228.31199999999993,228.9279999999997,227.31399999999977
228.5464999999997,228.3049999999998,225.919
229.3169999999999,229.1219999999998,226.76899999999995
228.70049999999983,228.7349999999998,225.37900000000016
229.2624999999999,228.3930000000002,224.23000000000013
231.42999999999967,230.30399999999992,226.26300000000003
232.29000000000008,232.28100000000018,228.20600000000022
232.07199999999995,231.9549999999998,229.02599999999987
232.72850000000017,232.25799999999998,230.57399999999998
231.8389999999998,232.65800000000027,230.32699999999988
231.6665,231.3599999999997,226.95699999999997
231.11800000000017,231.64400000000015,227.62999999999988
231.28699999999992,231.09400000000022,228.3780000000002
231.23300000000032,231.42799999999974,231.00000000000023
231.77750000000023,230.08800000000022,231.44000000000025
232.06249999999986,231.38500000000013,232.34500000000023
232.43299999999985,230.74000000000032,231.3529999999999
234.63199999999998,233.41100000000029,232.50400000000027
233.97149999999968,234.44900000000004,232.34199999999967
231.91700000000012,232.3270000000001,230.39700000000016
231.7650000000002,231.1749999999997,229.85999999999996
233.72550000000035,233.1279999999997,230.83100000000027
235.78100000000003,235.6180000000001,232.09299999999973
234.99850000000018,235.57299999999978,232.04599999999976
234.74000000000007,234.71000000000018,233.0449999999997
234.50749999999985,234.59900000000042,233.38200000000015
233.24300000000022,233.4840000000003,232.5080000000001
232.25499999999977,232.187,230.7559999999997
232.84050000000033,232.1460000000001,230.37599999999998
233.4065000000003,233.40599999999992,231.44699999999975
233.17799999999988,233.3700000000003,231.929
234.4454999999997,233.62899999999976,231.64799999999974
235.53049999999996,235.2730000000003,231.55300000000028
235.45449999999985,235.6860000000001,233.391
233.48500000000016,234.77100000000024,233.0380000000002
231.2165000000003,230.97200000000015,229.08899999999997
231.28649999999988,230.98299999999975,227.66700000000003
230.96650000000022,230.774,227.50200000000024
230.64150000000012,230.5510000000001,228.68799999999993
229.61199999999994,230.0269999999998,228.9459999999999
229.75050000000024,229.22299999999993,228.31999999999994
230.93249999999972,229.9750000000002,229.14600000000016
229.80900000000003,230.4429999999998,228.69600000000025
230.41199999999998,229.74800000000008,227.72499999999982
231.1055,231.16200000000015,228.93799999999985
229.82249999999982,230.77799999999982,229.43299999999982
230.14950000000027,229.5209999999999,228.59799999999993
229.29349999999977,230.11999999999992,229.76299999999975
228.87199999999987,228.86399999999975,228.90499999999972
228.2859999999997,228.63299999999995,227.9330000000001
227.2420000000003,227.7769999999998,225.81899999999976
225.4110000000003,226.144,225.60800000000026
225.2835000000001,224.97700000000003,224.82700000000014
225.49549999999974,225.2510000000002,223.52299999999977
225.28149999999968,225.27899999999994,222.4939999999997
225.70349999999996,225.7369999999997,222.70799999999974
225.72600000000014,225.90699999999998,222.0960000000001
226.34550000000007,225.60400000000024,224.11100000000016
226.97349999999997,227.09000000000003,226.87599999999998
226.92450000000025,227.27800000000008,226.9450000000002
226.87299999999982,227.20600000000022,226.9940000000002
226.45150000000035,226.81099999999984,226.15899999999988
227.84649999999982,227.39500000000004,227.1029999999997
227.84199999999967,227.94199999999975,227.908
227.45199999999994,227.8040000000002,227.05500000000012
228.02649999999977,227.5460000000003,227.26199999999997
228.90749999999977,229.08100000000024,227.96799999999996
229.14850000000007,228.89900000000017,227.002
229.56000000000003,229.1169999999997,229.62700000000027
228.2299999999999,229.18100000000035,228.98000000000025
226.40150000000034,226.84799999999996,226.27499999999986
227.165,226.70200000000006,227.33700000000042
228.45600000000022,228.11699999999976,228.33999999999978
229.20699999999965,228.94200000000023,228.76599999999985
230.58349999999982,229.72899999999973,229.76200000000023
227.80500000000012,229.69199999999998,230.7759999999997
225.2930000000003,226.129,229.10400000000004
226.76700000000017,224.16799999999978,229.49399999999986
229.01999999999978,226.6549999999999,231.49300000000028
228.37899999999965,227.39099999999996,229.83800000000025
229.1424999999998,227.78199999999978,229.7359999999999
230.15299999999985,229.78299999999993,229.31299999999996
228.5719999999997,229.52900000000034,227.43799999999973
226.55749999999992,226.68899999999977,226.359
226.4204999999998,226.24599999999975,226.59700000000026
227.74549999999982,226.81199999999976,228.4810000000003
229.2469999999998,227.73499999999981,230.283
231.29349999999977,229.42900000000006,230.7550000000002
232.56800000000004,231.65899999999988,231.7420000000003
232.11650000000012,232.42399999999998,231.36799999999997
231.90649999999997,231.96300000000025,231.04399999999973
231.44400000000027,231.26100000000017,230.84299999999982
231.51950000000022,231.05500000000018,230.68099999999998
231.9989999999999,231.40699999999978,230.606
230.67800000000017,231.21900000000016,230.4179999999999
229.98199999999974,229.90599999999972,229.05700000000004
231.40699999999978,230.5699999999997,229.63799999999992
230.86649999999983,231.62000000000015,230.85499999999985
229.53199999999973,229.57199999999995,228.84300000000036
230.1755000000002,229.87099999999967,229.57600000000036
231.25049999999973,230.4200000000003,229.8100000000003
231.77150000000032,231.701,230.54499999999996
232.0845000000003,231.91900000000027,231.0840000000001
232.34250000000026,232.0460000000003,231.19700000000023
232.7490000000003,232.58000000000007,231.60699999999983
232.84749999999974,233.0689999999998,231.83799999999985
232.8414999999998,232.58099999999976,231.79799999999975
233.2244999999999,233.21000000000012,232.24999999999986
233.07950000000022,233.24100000000013,232.1670000000002
232.30749999999972,232.45399999999995,231.61499999999975
231.50449999999978,231.46499999999997,230.28000000000023
232.01499999999982,231.77600000000035,230.36099999999996
232.6175000000002,232.21199999999982,231.35899999999975
233.0870000000002,233.08399999999983,231.89700000000005
233.30250000000015,233.36100000000022,232.0559999999997
232.49950000000015,233.19000000000003,231.93699999999973
231.76799999999992,231.825,230.44799999999967
232.19949999999974,232.14600000000007,230.86700000000033
232.37550000000036,232.3630000000002,231.1080000000003
232.5850000000002,232.43499999999977,230.89200000000022
232.36699999999968,232.36099999999996,230.37499999999983
232.0759999999998,232.09099999999987,230.91299999999995
232.92050000000006,232.83599999999976,231.44700000000014
232.46849999999978,233.10800000000015,231.67099999999974
231.8749999999996,231.97799999999995,230.81500000000023
233.623,232.7449999999999,231.84500000000017
233.56049999999973,233.68899999999982,232.67800000000003
232.89149999999998,232.95600000000022,232.22
232.93499999999972,232.67600000000016,231.8689999999998
231.36499999999995,232.29400000000024,229.69100000000003
230.9429999999997,230.68799999999968,227.797
231.12499999999991,231.02400000000034,228.24400000000023
229.79899999999972,230.27900000000022,227.20499999999967
229.428,229.1669999999998,227.3960000000001
230.4039999999999,229.55899999999983,229.15499999999983
231.63199999999998,231.04699999999994,229.68600000000023
231.28499999999983,231.8860000000002,228.36599999999964
228.43200000000016,229.4250000000002,227.3300000000002
226.82449999999983,227.14899999999977,227.23700000000008
228.1265000000003,227.19300000000018,227.2959999999997
229.76850000000005,229.74000000000026,229.29400000000012
229.3740000000002,229.84900000000025,228.49599999999975
228.03199999999975,228.97799999999978,228.07600000000028
227.62849999999963,227.96900000000005,227.69199999999967
228.43099999999973,228.4939999999998,227.27800000000025
229.74100000000024,229.2130000000003,226.74799999999976
231.6085000000001,231.1130000000004,229.54799999999992
232.28849999999989,232.12499999999997,231.00499999999997
231.71599999999978,232.12100000000012,230.45700000000022
231.321,231.03999999999982,229.72499999999974
232.6154999999998,232.2580000000002,231.17599999999996
232.37449999999978,232.21499999999986,231.31300000000036
233.0680000000001,232.30999999999975,231.8249999999998
235.1949999999998,234.4490000000001,233.7949999999998
237.09050000000025,236.01100000000008,235.4339999999999
237.2969999999998,237.47300000000024,236.47400000000007
235.34900000000007,236.2949999999999,235.84400000000008
236.07900000000026,234.5240000000001,237.26300000000006
236.46099999999987,235.2610000000002,237.39099999999965
236.56900000000024,235.34000000000026,237.4060000000003
237.12149999999986,235.37900000000025,237.73300000000026
237.27250000000018,236.02999999999997,236.3260000000004
236.93249999999972,236.422,234.9090000000004
235.54750000000018,235.68799999999973,233.7940000000002
234.5925000000003,234.3099999999999,230.88500000000008
234.79249999999973,234.28899999999973,230.91599999999977
235.29999999999995,234.54599999999994,231.5809999999997
235.51550000000015,235.34199999999973,233.608
235.08600000000015,235.085,233.85300000000007
234.6054999999998,234.62500000000017,233.4429999999997
233.38849999999985,233.85400000000018,232.74699999999996
232.69100000000032,232.52499999999972,231.96300000000022
231.9935000000002,232.02999999999992,231.11299999999974
230.19500000000022,230.19600000000008,229.54500000000021
230.98849999999965,230.40599999999978,229.2720000000002
231.0425000000002,231.1249999999999,229.7800000000001
230.1669999999998,230.22500000000034,229.49200000000002
230.03150000000014,229.81899999999987,228.12600000000006
229.71449999999982,229.97099999999978,228.27000000000004
229.26350000000028,229.2530000000002,226.44800000000004
228.62249999999997,228.80099999999996,227.24700000000007
228.5570000000002,228.63699999999983,227.05100000000013
227.62050000000013,228.15699999999987,226.43300000000025
227.48499999999981,227.37500000000003,226.25499999999974
228.89649999999986,227.9300000000002,227.1239999999998
229.29999999999976,229.296,228.2289999999999
229.6629999999999,229.24299999999974,227.5780000000003
229.94700000000014,229.938,228.76700000000017
230.23849999999976,230.01200000000026,228.57400000000024
229.271,230.07499999999982,227.6800000000003
229.6590000000003,229.0160000000001,226.29200000000023
230.215,229.96899999999965,227.67199999999983
228.93349999999975,229.62899999999968,228.3850000000002
227.49250000000032,228.2139999999998,228.26200000000006
227.20050000000015,226.82599999999977,226.94200000000004
227.2089999999998,227.2979999999998,226.87099999999984
227.3694999999999,226.86999999999964,225.2729999999998
227.48600000000016,226.95999999999975,225.23300000000026
227.75999999999996,227.49799999999993,226.11199999999985
227.39700000000022,227.6109999999998,226.82199999999978
227.32549999999975,227.3260000000001,227.04400000000024
227.96000000000006,227.82499999999993,227.53700000000012
226.99299999999988,227.3919999999997,226.89999999999978
227.27699999999982,226.9180000000002,224.91400000000033
227.59650000000016,227.7750000000002,226.56399999999974
227.15599999999992,227.54300000000018,227.36200000000034
226.77750000000017,226.71799999999996,227.60699999999986
228.7460000000002,227.23100000000005,228.88299999999978
229.4829999999997,229.05400000000017,228.8650000000002
229.77349999999984,229.49100000000013,229.30200000000022
228.20749999999987,228.84900000000002,228.7499999999999
228.08850000000024,227.903,227.429
228.86050000000003,228.38000000000002,227.59899999999982
229.65450000000033,229.1589999999999,228.61799999999997
229.87449999999993,229.95000000000033,229.49400000000034
229.73599999999973,229.45550000000003,228.37800000000036
229.6705000000002,228.86600000000024,228.56899999999993
228.13000000000034,229.31900000000016,229.2110000000002
227.19249999999988,227.17500000000018,227.09499999999983
227.12749999999986,227.03600000000006,226.83000000000004
227.7295000000001,227.66800000000003,227.282
228.1364999999997,228.03500000000022,227.62399999999977
228.52249999999975,228.4630000000001,228.2429999999996
228.89300000000014,228.48700000000025,228.45700000000022
230.2230000000003,229.35199999999978,229.46400000000023
231.357,230.81500000000008,230.7559999999997
231.52850000000012,231.36200000000005,230.84999999999982
229.69250000000025,230.73599999999988,230.69099999999995
227.3279999999999,227.82299999999995,229.41499999999996
227.15049999999974,226.66999999999993,228.99700000000027
227.79100000000014,226.61699999999996,228.96699999999979
228.44449999999983,227.22399999999993,229.25400000000016
230.2694999999998,227.41999999999967,228.833
231.9044999999998,230.8070000000003,230.85799999999975
231.7020000000002,231.681,231.04000000000025
231.88400000000019,231.44700000000012,230.82799999999995
231.03900000000033,231.2969999999998,230.31999999999985
230.0544999999998,229.81499999999986,228.75199999999984
232.12100000000032,230.826,229.5410000000003
233.1239999999997,233.1730000000002,232.31900000000033
231.56899999999973,232.208,231.36000000000033
230.28900000000027,230.54600000000025,229.89699999999996
230.2339999999998,230.20299999999978,229.41200000000026
230.4415000000002,229.9000000000002,229.2629999999998
231.37500000000023,230.84799999999984,230.0680000000003
231.81699999999987,231.3940000000001,230.57499999999996
231.7025000000001,231.51399999999995,230.75299999999993
231.89100000000013,231.82499999999968,230.64499999999987
231.39849999999996,231.7470000000002,230.46699999999979
231.12799999999987,231.224,229.76900000000023
230.79250000000022,230.96200000000002,229.28300000000021
230.50999999999968,230.4570000000003,229.44800000000006
231.0475000000001,230.5830000000003,229.26300000000006
231.34899999999982,231.24600000000032,229.8699999999999
231.12100000000018,231.49699999999987,230.25600000000023
231.06349999999978,231.19000000000017,229.806
232.26500000000016,231.69100000000006,230.54099999999968
233.48200000000026,233.10299999999998,231.988
233.3335,233.4800000000002,232.48099999999977
233.4635000000002,233.35500000000033,232.4750000000002
232.81199999999976,232.98599999999996,231.74000000000015
233.67149999999984,233.3140000000003,232.27999999999977
233.76949999999968,233.95199999999969,232.79399999999978
233.41149999999976,233.52699999999993,232.50000000000014
232.7079999999998,233.20399999999984,232.22299999999984
232.18500000000003,232.27800000000016,231.3329999999999
231.76599999999976,232.0710000000003,230.4810000000003
230.67300000000003,230.96399999999977,229.25900000000024
231.62999999999994,230.64199999999983,230.06400000000008
232.9039999999997,232.54799999999994,231.96599999999992
233.06849999999974,232.8059999999997,231.97099999999998
232.2974999999997,232.60100000000028,232.01099999999968
231.6209999999998,231.47099999999978,230.62000000000026
231.92549999999972,231.4875,228.50599999999974
230.7449999999999,231.408,228.38200000000018
230.83149999999998,230.4280000000003,227.8640000000002
229.56250000000009,230.02799999999968,227.78699999999984
228.82899999999984,228.67399999999984,226.3559999999999
227.70049999999978,228.06300000000027,226.38500000000005
228.21399999999971,227.5360000000001,227.44899999999984
228.91449999999983,228.58,228.429
229.08299999999997,228.6909999999999,228.90600000000012
229.6575,229.24800000000013,229.44099999999997
228.91300000000012,229.59199999999976,229.0089999999998
227.89500000000015,228.1199999999998,227.04299999999995
227.51550000000006,227.65200000000002,226.9439999999999
228.30099999999982,228.45399999999972,228.04699999999968
228.74499999999978,228.8569999999998,229.01199999999972
227.88799999999983,228.57899999999998,228.53800000000035
226.72449999999992,227.51800000000026,227.1629999999998
226.05949999999996,226.0819999999999,225.50000000000009
225.8119999999998,226.05200000000005,225.7319999999997
226.8505000000003,225.35800000000015,226.07999999999984
229.96949999999987,226.76200000000028,226.77299999999966
231.66749999999973,230.65799999999987,227.07599999999994
230.1925000000001,230.7709999999997,228.2090000000002
230.0034999999997,229.7830000000002,228.52199999999985
230.92899999999966,230.59000000000003,229.1979999999997
231.4964999999997,230.90100000000018,228.23800000000006
232.00599999999963,231.91700000000003,228.65000000000018
232.4195000000003,231.87599999999983,228.98899999999995
231.74349999999998,231.35399999999987,230.0229999999999
230.73499999999984,231.53699999999975,229.8060000000001
230.97599999999983,230.32299999999992,227.64899999999994
231.41950000000034,230.52700000000027,229.18899999999982
232.3024999999999,231.3000000000001,230.84899999999988
230.89449999999965,231.67300000000031,230.886
229.5200000000002,229.9300000000002,228.57099999999974
230.39550000000037,229.72400000000016,227.90300000000013
231.98749999999995,231.53000000000023,227.97200000000024
232.188,231.94899999999978,228.763
232.33649999999972,232.03300000000007,230.18799999999973
231.30449999999985,231.85299999999978,230.4380000000002
230.7715000000002,230.676,229.42300000000006
230.67700000000002,230.64615000000006,229.61330000000007
229.72099999999983,229.83800000000014,228.90500000000011
229.82449999999983,229.5639999999998,228.14499999999978
230.41900000000004,230.13400000000004,229.04200000000037
230.0514999999997,229.72200000000024,228.6579999999998
229.93749999999974,229.60000000000034,228.6360000000002
229.97150000000016,229.62499999999974,228.46999999999986
229.87400000000028,229.6160000000002,227.92
229.6369999999998,229.63000000000014,226.1519999999999
229.1300000000002,229.3199999999997,226.90800000000013
229.7925,229.1509999999998,226.8330000000003
230.4260000000003,230.16500000000008,227.84399999999977
231.22349999999997,230.81099999999972,229.22199999999984
231.23899999999972,231.05299999999988,229.87099999999984
231.42599999999976,231.11800000000028,229.68799999999973
231.50600000000017,231.68899999999996,230.34299999999982
231.01749999999979,231.16300000000024,229.75500000000034
230.72600000000023,230.89200000000022,229.66600000000014
230.25250000000023,230.1310000000002,229.1490000000001
228.97699999999975,229.63399999999984,229.3219999999997
228.16049999999993,228.17799999999974,228.1999999999998
228.64199999999968,228.0749999999997,227.2699999999999
227.24149999999983,227.3109999999998,225.73999999999992
226.8324999999998,226.62799999999982,224.69599999999974
226.52200000000005,226.47899999999998,224.44800000000018
225.71649999999997,226.21299999999982,225.7689999999999
225.21250000000015,225.55999999999986,224.78599999999994
225.42199999999997,225.18099999999967,224.16099999999966
225.7215,225.72299999999984,223.15199999999996
225.60450000000003,225.41900000000027,223.61500000000032
225.39399999999972,225.26000000000025,225.32400000000013
225.64049999999966,225.2080000000001,224.9049999999999
225.98400000000024,225.79199999999975,224.17999999999975
225.74799999999976,225.66399999999993,225.5820000000001
225.53250000000028,225.33999999999997,225.3580000000002
225.85150000000002,225.79100000000034,225.94700000000023
226.7590000000001,226.29300000000006,225.90100000000018
228.01700000000022,227.7970000000003,227.21799999999976
228.47749999999994,228.32,227.12400000000002
228.5350000000004,228.66400000000027,227.96399999999966
228.6065,228.52000000000007,227.669
227.13350000000028,228.12500000000023,227.28400000000002
227.09449999999987,226.53599999999963,226.31400000000033
227.54349999999968,228.30100000000013,228.43100000000027
226.42349999999985,226.4689999999998,226.3050000000003
226.65350000000007,226.47700000000003,225.38899999999973
227.76599999999996,226.87199999999967,226.07100000000005
228.6220000000002,227.89899999999977,228.22400000000033
229.65750000000003,229.26899999999998,229.30600000000015
229.52550000000014,229.458,229.41600000000005
229.3849999999997,229.51799999999992,229.56099999999995
229.32349999999963,229.2790000000002,229.54100000000017
229.16649999999984,229.6149999999997,230.8930000000002
229.94450000000018,228.83099999999973,230.7110000000001
228.03249999999989,228.2239999999999,228.79300000000043
228.14300000000003,227.37299999999973,227.79199999999975
229.76450000000025,228.179,229.0359999999997
230.31950000000018,229.69600000000017,230.32999999999979
231.0635000000001,230.16799999999975,230.22600000000028
229.9775000000001,230.66599999999977,230.56700000000026
228.35799999999975,228.28099999999992,229.68200000000027
228.21500000000026,226.98400000000015,229.3159999999998
229.54050000000032,227.83700000000036,228.66
230.81300000000002,230.0930000000002,229.265
231.66500000000036,230.50500000000008,230.94300000000032
231.5260000000001,230.25999999999968,233.00700000000018
230.45649999999998,230.00999999999993,232.63100000000028
231.18000000000004,229.50499999999974,231.62000000000018
231.6080000000003,230.5549999999998,232.46500000000032
231.02749999999972,230.58700000000007,233.04499999999967
229.7484999999998,229.09499999999986,231.75600000000006
230.49150000000037,228.38300000000035,230.5679999999998
230.46699999999993,229.98199999999989,230.2729999999998
230.83700000000033,230.37999999999982,229.69800000000032
231.79049999999998,231.68999999999977,230.75900000000013
231.82049999999973,231.8780000000001,230.7839999999998
232.55700000000022,232.3739999999998,231.29200000000037
232.07649999999987,232.65700000000018,231.50099999999983
231.93149999999972,231.92499999999978,230.5670000000003
233.43199999999982,232.48600000000027,231.9550000000001
233.25749999999985,233.56100000000023,232.43499999999975
233.71799999999996,233.48199999999983,232.23599999999976
234.6634999999997,234.28499999999977,233.202
234.6284999999999,234.98499999999976,233.94499999999982
234.1044999999998,234.11300000000006,233.12999999999988
233.98600000000002,233.5230000000003,232.54699999999997
233.60299999999984,233.75900000000027,232.69600000000005
232.96750000000023,233.078,232.03000000000011
233.0055000000003,232.88899999999973,231.66299999999984
233.0214999999998,233.26100000000014,231.95600000000005
232.20116666666644,232.43350000000007,230.99533333333318
231.5890000000002,231.99300000000005,229.83500000000015
231.94100000000003,231.44199999999978,230.53600000000029
233.1630000000003,232.51500000000004,231.46800000000027
233.13650000000038,233.54599999999976,232.11400000000035
232.55099999999962,233.20399999999972,231.74500000000015
232.3284999999999,232.2610000000002,231.15800000000002
231.8664999999997,232.22800000000018,231.0540000000001
231.39950000000022,231.60399999999987,230.66399999999987
230.67700000000002,230.64615000000006,229.61330000000007
230.12799999999993,230.19700000000014,229.362
231.4169999999997,230.66199999999972,229.8389999999999
231.24149999999975,231.65700000000012,231.06400000000002
229.50249999999986,230.41399999999976,229.29400000000027
229.3209999999998,229.268,227.10400000000016
229.54800000000017,229.48599999999985,226.61899999999972
229.259,229.3630000000003,226.92899999999997
228.59849999999966,229.09499999999977,228.3549999999999
228.50149999999994,228.41699999999983,228.36899999999997
229.58749999999975,228.75099999999995,228.93899999999994
229.5735000000003,230.209,229.56699999999975
227.78099999999995,228.8539999999999,228.0160000000002
228.69200000000015,227.68100000000027,226.70199999999997
228.16450000000023,229.37500000000028,228.997
227.42899999999997,227.76900000000012,227.35499999999985
227.2264999999999,227.51200000000014,226.59299999999993
228.19150000000016,227.65100000000035,225.15399999999997
229.66300000000035,229.61200000000022,225.7950000000003
230.9848333333335,230.4254999999998,228.45266666666654
232.38699999999997,232.5060000000002,230.78299999999982
231.27749999999978,232.0109999999999,230.3979999999999
230.5359999999997,230.6699999999998,229.86400000000032
231.78449999999998,230.50100000000032,229.58800000000028
234.30299999999988,233.55699999999982,232.22400000000033
233.7350000000002,234.45200000000014,233.15999999999988
231.93850000000023,232.8460000000003,231.05399999999972
232.82699999999983,232.09999999999985,230.37800000000024
231.9959999999998,233.05300000000017,231.50200000000024
231.60549999999992,231.30800000000002,229.5149999999999
232.0039999999999,232.00400000000005,230.58700000000033
230.86750000000018,231.58500000000018,229.81100000000018
230.6630000000002,230.3689999999998,229.28500000000025
232.11599999999996,230.8369999999998,230.081
235.63900000000024,233.69300000000018,232.33799999999982
239.8634999999997,238.68199999999982,237.1839999999999
240.24049999999966,240.13299999999998,239.38400000000027
241.22049999999993,240.68599999999972,239.27800000000016
240.2269999999999,240.70399999999975,239.81599999999978
237.36350000000022,237.5139999999999,235.15499999999975
234.17799999999997,234.54100000000014,229.88699999999986
232.4627500000002,231.5870499999998,228.56770000000003
232.11050000000014,231.62199999999993,229.68800000000022
232.4225000000002,231.56399999999982,230.56099999999995
232.28049999999968,232.28599999999977,231.48199999999963
232.74800000000016,231.7990000000001,231.1020000000003
233.51649999999984,233.384,232.90800000000002
232.37449999999987,232.48100000000014,231.79100000000008
232.32500000000033,231.65699999999987,231.06099999999986
232.36100000000002,231.67999999999964,231.5719999999999
232.33000000000004,230.8109999999997,231.6029999999998
230.8614999999997,229.67399999999986,230.2559999999997
228.75099999999983,228.77999999999977,227.74300000000025
228.8315,227.0849999999997,227.6279999999998
231.62750000000003,230.20899999999995,229.9580000000003
234.0935000000002,233.43899999999988,232.49300000000002
234.58150000000023,235.05300000000003,233.6089999999998
233.7255000000003,234.1399999999998,232.66299999999978
235.1515000000001,235.33500000000018,233.85300000000032
232.06050000000025,233.4670000000002,231.79600000000025
231.01749999999979,230.90700000000018,229.6320000000003
231.46949999999964,231.50700000000035,229.92299999999992
230.39599999999996,231.2349999999997,229.68499999999977
228.825,229.7640000000002,227.80599999999973
228.1089999999998,228.42999999999995,227.47900000000027
228.6590000000002,228.25899999999976,227.57899999999987
229.8740000000002,228.98600000000013,228.2350000000001
229.37050000000013,230.22799999999972,229.74799999999993
227.7789999999999,228.82199999999997,228.43499999999975
227.093,227.41800000000032,226.03500000000003
226.08949999999976,226.99099999999964,224.10699999999989
226.31349999999998,226.29000000000013,222.93199999999976
226.53899999999985,226.9190000000003,223.3600000000002
226.19000000000028,226.54600000000025,224.01000000000005
227.55549999999965,226.90499999999966,226.84300000000013
227.49549999999965,228.75000000000028,227.84300000000025
227.10000000000002,227.14999999999964,226.84500000000028
227.86999999999978,228.42699999999977,228.40000000000012
228.63300000000004,228.93399999999963,228.2959999999999
228.6404999999999,229.6090000000002,228.40599999999978
227.66650000000035,228.39099999999976,228.532
228.1959999999998,228.06200000000013,228.03100000000023
228.29749999999981,229.2170000000003,228.42999999999978
228.82899999999964,229.23399999999975,227.80999999999997
229.26099999999974,229.97399999999988,228.5569999999998
229.37150000000005,229.8910000000001,228.33000000000027
229.47899999999976,230.09099999999978,229.1369999999998
229.5295000000002,229.71000000000006,229.30899999999977
230.12249999999983,229.96399999999983,229.41300000000035
230.16649999999998,230.4599999999997,229.8589999999998
229.13400000000024,229.763,228.69499999999994
228.70300000000006,229.0009999999998,228.3910000000002
228.62999999999982,228.97799999999984,228.50600000000028
229.29399999999995,229.41799999999984,228.80400000000006
229.76899999999995,230.24733333333333,229.6586666666668
230.23399999999987,229.97800000000007,229.139
229.28050000000013,230.09499999999983,229.70999999999995
228.59950000000018,229.3430000000004,229.0989999999999
228.62750000000025,228.88,228.50500000000025
227.85349999999983,228.63399999999965,228.18800000000024
228.23900000000023,228.25999999999974,228.12699999999967
229.57050000000032,229.38799999999983,229.24499999999986
231.06899999999993,230.46499999999986,230.0729999999999
232.19200000000018,231.8850000000003,231.0429999999998
230.51200000000009,231.86799999999974,232.04199999999983
229.37899999999976,229.30000000000007,231.07700000000023
228.738,227.91499999999974,230.5210000000001
228.2745000000002,227.3539999999999,229.77699999999987
231.23849999999987,229.1049999999997,230.03200000000012
231.03499999999988,231.38999999999976,230.14599999999996
231.59100000000032,231.2270000000002,230.36799999999982
231.36150000000015,231.83099999999996,230.88700000000037
230.58200000000005,230.4439999999999,229.9579999999999
231.05600000000024,230.707,229.75699999999998
231.3439999999997,231.37300000000013,230.5040000000002
231.9258333333336,231.65379999999993,229.02086666666662
231.83700000000005,231.88399999999993,230.24400000000006
232.08750000000018,232.1610000000002,231.12600000000012
231.7144999999999,231.93000000000015,231.09399999999977
232.52649999999997,231.9290000000001,231.25499999999977
232.6519999999997,232.58399999999972,231.85100000000028
232.81900000000013,232.51999999999978,232.03500000000008
232.7825000000001,232.773,231.81799999999993
232.5499999999998,232.61699999999982,231.6240000000002
232.1810000000001,232.3190000000002,231.263
232.81000000000012,232.5770000000002,231.54399999999987
232.2100000000002,232.46100000000033,231.44999999999985
232.0255000000001,232.15399999999994,231.2640000000001
232.5970000000001,232.2099999999997,231.67799999999988
233.09049999999996,233.03200000000027,232.12999999999982
233.6489999999998,233.43099999999976,232.1279999999997
233.97900000000018,233.96700000000018,232.28899999999973
233.64899999999997,233.8359999999998,232.8180000000003
234.62900000000008,234.1699999999998,233.19799999999995
234.91399999999987,234.74099999999981,233.67100000000025
234.48899999999966,235.06000000000023,233.68999999999977
234.7515000000002,234.60000000000002,233.21600000000012
233.00050000000024,234.03699999999992,232.80499999999978
233.2654999999999,232.86699999999985,231.67099999999974
234.4204999999997,234.347,233.3860000000002
233.9244999999999,234.2359999999998,233.04599999999985
232.92100000000005,233.34299999999993,232.15100000000027
232.19150000000016,232.351,230.93300000000013
233.37350000000004,232.99099999999964,231.28799999999978
232.4529999999999,233.16400000000004,232.29699999999983
231.83600000000007,231.56699999999984,230.56400000000008
232.55549999999988,232.25599999999983,231.46100000000024
231.8430000000001,232.23199999999989,231.6120000000003
230.9305000000003,231.79500000000021,230.04400000000027
230.27450000000027,230.53000000000014,227.5340000000002
230.7589999999998,230.42699999999977,227.99199999999996
229.34350000000032,230.13600000000017,228.5780000000001
229.21800000000007,228.85300000000004,228.7210000000002
229.80950000000038,229.95000000000007,229.48399999999998
230.5110000000003,230.53500000000022,228.49700000000018
230.2965000000001,230.04200000000003,228.0980000000002
229.05499999999975,229.90100000000012,229.41000000000014
227.96550000000022,228.57100000000017,228.32600000000002
228.40999999999968,228.16100000000034,227.6550000000003
228.95449999999997,229.04999999999978,228.06999999999988
228.70849999999984,229.42400000000012,228.36499999999978
228.5879999999999,228.87299999999973,227.75900000000013
230.02899999999997,229.68400000000022,228.90899999999965
230.03950000000026,230.52799999999968,229.2540000000003
230.2110000000002,230.482,228.33599999999984
230.26250000000005,230.668,228.41299999999995
231.84050000000013,231.358,229.80100000000002
231.54800000000017,232.08799999999985,230.78099999999992
230.5239999999997,230.85399999999964,229.65199999999987
231.12749999999986,230.68600000000006,229.0529999999997
231.76350000000005,231.70550000000006,229.76699999999983
231.33200000000005,231.73799999999963,229.40699999999975
231.55000000000007,231.38499999999988,229.16599999999988
232.08050000000003,231.79599999999988,229.99100000000024
232.4045000000004,232.61899999999997,230.7749999999998
233.46399999999983,233.2359999999997,231.48800000000017
233.23299999999983,233.90900000000016,231.886
232.89649999999986,233.07500000000022,231.75799999999978
233.34200000000004,232.62399999999965,231.72800000000004
232.41399999999987,232.6670000000002,230.53099999999984
232.25749999999996,232.24399999999972,228.56799999999967
232.53399999999968,232.32799999999975,228.6369999999998
232.7454999999997,232.7719999999997,229.40300000000028
233.49049999999988,233.14000000000024,231.7599999999997
235.0220000000001,234.6139999999998,233.23599999999985
235.1095000000001,235.30599999999987,233.54699999999994
235.06699999999978,234.96599999999995,233.47800000000018
234.81,234.81200000000024,233.405
232.93749999999997,233.409,231.86299999999977
232.59899999999982,232.05599999999995,232.20999999999987
232.0724999999997,231.32800000000017,229.08900000000017
232.24800000000022,231.58599999999976,228.93300000000002
234.35099999999977,232.3880000000002,231.94299999999973
233.7289999999998,233.86700000000022,232.04300000000006
233.06400000000028,232.99900000000002,230.75500000000008
233.10350000000028,232.94699999999997,230.44100000000006
233.0424999999998,233.02500000000012,229.52100000000016
232.56349999999983,231.47500000000002,229.26799999999977
232.151,231.59499999999977,230.03500000000014
232.61750000000004,231.81599999999978,230.34900000000005
232.14599999999982,232.73150000000004,231.05200000000022
230.2924999999997,231.16199999999992,229.33999999999986
229.11649999999983,229.3809999999997,227.6750000000003
230.3200000000002,229.44199999999998,227.0420000000003
231.3330000000001,231.3230000000002,228.67100000000028
231.65450000000013,231.46100000000007,226.48599999999973
232.30699999999976,232.02500000000006,229.40399999999968
232.4549999999997,232.7419999999999,230.88700000000023
231.16000000000025,232.01999999999987,229.99999999999986
229.91599999999977,230.4239999999998,229.15700000000015
229.1,229.20299999999963,228.84100000000012
228.56799999999996,229.04499999999982,228.791
227.28400000000016,228.2450000000003,227.64499999999967
226.77349999999967,226.89500000000018,225.64999999999978
225.9304999999997,226.76700000000025,223.79699999999968
225.77649999999983,225.5819999999997,222.8779999999998
227.11399999999983,226.85400000000016,224.86299999999972
228.237,227.979,227.43699999999978
227.4595000000002,228.5429999999997,227.80400000000006
227.635,228.005,227.94999999999982
228.35750000000021,228.48100000000028,228.41099999999997
227.81750000000014,228.62500000000009,228.69999999999985
226.2924999999999,227.0529999999998,227.05700000000002
226.29000000000008,226.2519999999999,226.20100000000025
226.77549999999974,227.15800000000007,226.75000000000023
226.6794999999998,226.82199999999997,226.27000000000018
227.48899999999983,227.634,227.109
228.24700000000018,228.21899999999968,227.58599999999976
228.9659999999998,229.1340000000001,228.6260000000002
228.21699999999967,228.953,227.852
227.68049999999963,228.07100000000017,227.68499999999983
227.7295000000001,228.03599999999992,227.7540000000003
227.49250000000006,228.25400000000002,227.60299999999967
226.9454999999998,227.40500000000029,227.03000000000029
228.17699999999982,227.95899999999966,227.5469999999997
229.55800000000025,229.09699999999998,228.78900000000013
229.8694999999997,230.10399999999998,229.9369999999998
230.69049999999973,230.6470000000001,230.27400000000026
231.0234999999998,231.07599999999977,230.41400000000024
229.84350000000006,230.0240000000002,229.25800000000024
227.877,229.1320000000003,228.70399999999984
227.89649999999972,227.19200000000023,226.79500000000007
228.68950000000018,228.81700000000026,228.33800000000022
228.30349999999984,229.16899999999998,228.85699999999997
228.2095000000001,227.98799999999972,227.81600000000003
227.3855000000003,228.56799999999967,227.51500000000033
226.61250000000004,226.8370000000001,229.1210000000002
227.00099999999972,225.9029999999997,228.75100000000006
229.9925,227.74899999999977,229.5009999999997
231.46100000000024,231.31200000000027,230.91899999999984
230.96249999999998,230.91100000000034,229.97499999999974
231.27249999999987,231.23799999999977,230.38100000000003
231.35049999999967,231.49,230.70100000000036
